id;user_id_1;user_id_2;name;email
1;19628;83826;Sleek;Coleman.Champlin@yahoo.com
2;58072;1408;redundant encryption Stream;Wendy_Considine@gmail.com
3;31867;5747;payment;Louie.Beatty97@yahoo.com
4;45505;50107;Operations;Margie99@hotmail.com
5;32020;1698;Liaison even-keeled Fresh;Kiana85@yahoo.com
6;80222;1427;Philippine Peso withdrawal;Karlee_Bartell@yahoo.com
7;50129;51554;Tajikistan;Porter_Jacobs84@yahoo.com
8;317;56089;Boliviano Mvdol e-business;Laisha55@gmail.com
9;65176;47781;Trail magnetic Mississippi;Rigoberto_Hettinger@gmail.com
10;88781;19005;Generic Lilangeni Planner;Michele83@gmail.com
