id;email;amount;description
1;Adam84@gmail.com;26327;bandwidth plug-and-play withdrawal
2;Dandre.Keeling@gmail.com;81692;Representative ubiquitous Credit Card Account
3;Angel_Blanda@hotmail.com;80987;copying
4;Wilbert36@yahoo.com;95664;West Virginia Tuna Georgia
5;Dangelo91@yahoo.com;71182;payment Credit Card Account
6;Westley27@hotmail.com;92055;users payment panel
7;Edmund_DuBuque35@gmail.com;51366;Guyana Dollar Malagasy Ariary
8;Camren51@yahoo.com;66212;multi-byte withdrawal ADP
9;Rodrick_Hammes@hotmail.com;26540;Sleek Steel Cheese
10;Blake.Koss@gmail.com;50301;West Virginia
